,Topic,PostID,Author,AuthorID,Reply,Click,LastUpdate_date,LastUpdate_time,Follower,FollowerID
1,[蠹鱼会]日讀書誌（續四十六）,1272747,戴建华,%B4%F7%BD%A8%BB%AA,46,2399,2018-04-23,20:05:24,戴建华,%B4%F7%BD%A8%BB%AA
2,[蠹鱼会]韦力上当了,1272159,阿庆,%B0%A2%C7%EC,10,3888,2018-04-17,18:47:52,pi,pi
3,[蠹鱼会]日读书志（续四十五）,1272585,戴建华,%B4%F7%BD%A8%BB%AA,72,2306,2018-04-01,20:12:52,戴建华,%B4%F7%BD%A8%BB%AA
4,[蠹鱼会][中秋赏书]聂绀弩红颜知己陈凤兮旧藏之南山草（校改本）,995181,badboy1,badboy1,18,3551,2018-03-25,17:48:11,王子衿,%CD%F5%D7%D3%F1%C6
5,[蠹鱼会]日读书志（续四十四）,1272497,戴建华,%B4%F7%BD%A8%BB%AA,63,2356,2018-03-10,09:36:23,戴建华,%B4%F7%BD%A8%BB%AA
6,[蠹鱼会]日读书志（续四十三）,1272318,戴建华,%B4%F7%BD%A8%BB%AA,63,2028,2018-01-31,20:53:38,戴建华,%B4%F7%BD%A8%BB%AA
7,[蠹鱼会]日读书志（续四十二）,1272090,戴建华,%B4%F7%BD%A8%BB%AA,55,1767,2018-01-01,21:32:14,戴建华,%B4%F7%BD%A8%BB%AA
8,[蠹鱼会]银羽逐书记（2017年）,1267181,宋银羽,%CB%CE%D2%F8%D3%F0,50,8900,2017-12-29,21:08:06,建康刀客,%BD%A8%BF%B5%B5%B6%BF%CD
9,[蠹鱼会]旅法学者吴其昱二三事,849378,五明子,%CE%E5%C3%F7%D7%D3,35,1727,2017-12-03,21:40:15,hardpack,hardpack
10,[蠹鱼会]日读书志（续四十一）,1271858,戴建华,%B4%F7%BD%A8%BB%AA,38,1674,2017-12-02,20:45:58,戴建华,%B4%F7%BD%A8%BB%AA
11,[蠹鱼会]维舟：平生风义兼师友——怀念张晖（转载）,1055214,五明子,%CE%E5%C3%F7%D7%D3,94,3814,2017-11-15,09:15:51,金粟道人顾仲瑛,%BD%F0%CB%DA%B5%C0%C8%CB%B9%CB%D6%D9%E7%F8
12,[蠹鱼会]日读书志（续四十）,1271530,戴建华,%B4%F7%BD%A8%BB%AA,50,1596,2017-11-12,18:22:09,却波渔翁,%C8%B4%B2%A8%D3%E6%CE%CC
13,[蠹鱼会]20171028潘家园淘书得林*徽*因旧藏新月集小记,1271817,badboy1,badboy1,4,725,2017-11-02,12:14:27,书巫,%CA%E9%CE%D7
14,[蠹鱼会]汪曾祺《跑警报》一文中痴情的金教授究竟是哪位？,588298,林六如,%C1%D6%C1%F9%C8%E7,27,1002,2017-10-12,08:33:00,薛典,%D1%A6%B5%E4
15,[蠹鱼会]为了表示最严重的愤慨，决定三年内不以任何方式买布衣一本书,1041781,morning,morning,48,3008,2017-10-07,19:37:04,金粟道人顾仲瑛,%BD%F0%CB%DA%B5%C0%C8%CB%B9%CB%D6%D9%E7%F8
16,[蠹鱼会]日读书志（续三十九）,1271221,戴建华,%B4%F7%BD%A8%BB%AA,73,1534,2017-10-03,20:39:31,戴建华,%B4%F7%BD%A8%BB%AA
17,[蠹鱼会]日读书志（续三十八）,1270948,戴建华,%B4%F7%BD%A8%BB%AA,80,1475,2017-09-05,21:31:02,戴建华,%B4%F7%BD%A8%BB%AA
18,[蠹鱼会][玉庐藏书散记]镇日陶情诗酒花——聋诗媛胡俊芳小记,1271031,llllllo,llllllo,5,930,2017-09-04,16:17:29,柏叶酒,%B0%D8%D2%B6%BE%C6
19,[蠹鱼会]日读书志（续三十七）,1270715,戴建华,%B4%F7%BD%A8%BB%AA,41,1554,2017-08-06,23:24:05,戴建华,%B4%F7%BD%A8%BB%AA
20,[蠹鱼会]日读书志（续三十六）,1270370,戴建华,%B4%F7%BD%A8%BB%AA,54,1599,2017-07-05,22:39:10,戴建华,%B4%F7%BD%A8%BB%AA
21,[蠹鱼会]日读书志（续三十五）,1269909,戴建华,%B4%F7%BD%A8%BB%AA,59,1416,2017-06-05,20:26:34,戴建华,%B4%F7%BD%A8%BB%AA
22,[蠹鱼会]日读书志（续三十四）,1268922,戴建华,%B4%F7%BD%A8%BB%AA,58,1459,2017-05-07,00:22:47,戴建华,%B4%F7%BD%A8%BB%AA
